inseeCode;population;referenceYear;effectiveDate;source;sourceFile;geographyDate
13055;886040;2023;2026-01-01;https://www.insee.fr/fr/statistiques/8643952?geo=COM-13055;popref2023_cc_popref.csv;2025-01-01
69123;519127;2023;2026-01-01;https://www.insee.fr/fr/statistiques/8643952?geo=COM-69123;popref2023_cc_popref.csv;2025-01-01
75056;2103778;2023;2026-01-01;https://www.insee.fr/fr/statistiques/8643952?geo=COM-75056;popref2023_cc_popref.csv;2025-01-01
97601;5192;2017;;https://www.insee.fr/fr/statistiques/3291775;mayotte-RP2017-tableaux_pop_legale.xlsx;2017-01-01
97602;13989;2017;;https://www.insee.fr/fr/statistiques/3291775;mayotte-RP2017-tableaux_pop_legale.xlsx;2017-01-01
97603;10282;2017;;https://www.insee.fr/fr/statistiques/3291775;mayotte-RP2017-tableaux_pop_legale.xlsx;2017-01-01
97604;6189;2017;;https://www.insee.fr/fr/statistiques/3291775;mayotte-RP2017-tableaux_pop_legale.xlsx;2017-01-01
97605;8295;2017;;https://www.insee.fr/fr/statistiques/3291775;mayotte-RP2017-tableaux_pop_legale.xlsx;2017-01-01
97606;8920;2017;;https://www.insee.fr/fr/statistiques/3291775;mayotte-RP2017-tableaux_pop_legale.xlsx;2017-01-01
97607;15848;2017;;https://www.insee.fr/fr/statistiques/3291775;mayotte-RP2017-tableaux_pop_legale.xlsx;2017-01-01
97608;17831;2017;;https://www.insee.fr/fr/statistiques/3291775;mayotte-RP2017-tableaux_pop_legale.xlsx;2017-01-01
97609;5507;2017;;https://www.insee.fr/fr/statistiques/3291775;mayotte-RP2017-tableaux_pop_legale.xlsx;2017-01-01
97610;32156;2017;;https://www.insee.fr/fr/statistiques/3291775;mayotte-RP2017-tableaux_pop_legale.xlsx;2017-01-01
97611;71437;2017;;https://www.insee.fr/fr/statistiques/3291775;mayotte-RP2017-tableaux_pop_legale.xlsx;2017-01-01
97612;7705;2017;;https://www.insee.fr/fr/statistiques/3291775;mayotte-RP2017-tableaux_pop_legale.xlsx;2017-01-01
97613;6432;2017;;https://www.insee.fr/fr/statistiques/3291775;mayotte-RP2017-tableaux_pop_legale.xlsx;2017-01-01
97614;10203;2017;;https://www.insee.fr/fr/statistiques/3291775;mayotte-RP2017-tableaux_pop_legale.xlsx;2017-01-01
97615;11442;2017;;https://www.insee.fr/fr/statistiques/3291775;mayotte-RP2017-tableaux_pop_legale.xlsx;2017-01-01
97616;11156;2017;;https://www.insee.fr/fr/statistiques/3291775;mayotte-RP2017-tableaux_pop_legale.xlsx;2017-01-01
97617;13934;2017;;https://www.insee.fr/fr/statistiques/3291775;mayotte-RP2017-tableaux_pop_legale.xlsx;2017-01-01
